sku,product_name,warehouse_id,warehouse_name,on_hand,reserved,available,safety_stock,updated_at,is_demo
S-001,智能音箱,WH-001,深圳仓,24,2,22,10,2026-02-10 09:00:00,DEMO
S-002,蓝牙耳机,WH-001,深圳仓,0,0,0,12,2026-02-10 09:00:00,DEMO
S-003,便携充电宝,WH-002,上海仓,5,3,2,10,2026-02-10 09:00:00,DEMO
S-004,旅行背包,WH-003,柏林仓,8,2,6,12,2026-02-10 09:00:00,DEMO
S-005,运动水壶,WH-001,深圳仓,16,1,15,8,2026-02-10 09:00:00,DEMO
S-006,机械键盘,WH-004,大阪仓,7,2,5,10,2026-02-10 09:00:00,DEMO
S-007,无线鼠标,WH-001,深圳仓,18,6,12,10,2026-02-10 09:00:00,DEMO
S-008,手机壳,WH-005,法兰克福仓,40,5,35,15,2026-02-10 09:00:00,DEMO
S-009,电脑支架,WH-002,上海仓,4,1,3,8,2026-02-10 09:00:00,DEMO
S-010,休闲T恤,WH-006,东京仓,25,4,21,12,2026-02-10 09:00:00,DEMO
