order_id,sku,product_name,quantity,unit_price,currency,is_demo
1001,SKU-001,智能音箱,1,299.00,CNY,DEMO
1001,SKU-003,便携充电宝,1,189.00,CNY,DEMO
1001,SKU-008,手机壳,1,39.00,CNY,DEMO
1002,SKU-004,旅行背包,1,799.00,USD,DEMO
1002,SKU-007,无线鼠标,1,89.00,USD,DEMO
1003,SKU-005,运动水壶,1,129.00,EUR,DEMO
1004,SKU-010,休闲T恤,1,79.00,AUD,DEMO
1005,SKU-003,便携充电宝,2,189.00,SGD,DEMO
1005,SKU-006,机械键盘,1,249.00,SGD,DEMO
1005,SKU-009,电脑支架,1,119.00,SGD,DEMO
1006,SKU-008,手机壳,2,39.00,JPY,DEMO
1007,SKU-001,智能音箱,1,299.00,KRW,DEMO
1007,SKU-007,无线鼠标,1,89.00,KRW,DEMO
1008,SKU-005,运动水壶,2,129.00,EUR,DEMO
1008,SKU-010,休闲T恤,1,79.00,EUR,DEMO
1009,SKU-003,便携充电宝,1,189.00,GBP,DEMO
1010,SKU-004,旅行背包,1,799.00,CAD,DEMO
1010,SKU-006,机械键盘,1,249.00,CAD,DEMO
1010,SKU-008,手机壳,1,39.00,CAD,DEMO
1011,SKU-009,电脑支架,1,119.00,AUD,DEMO
1012,SKU-001,智能音箱,1,299.00,USD,DEMO
1012,SKU-005,运动水壶,1,129.00,USD,DEMO
1013,SKU-007,无线鼠标,2,89.00,BRL,DEMO
1014,SKU-010,休闲T恤,1,79.00,EUR,DEMO
1015,SKU-006,机械键盘,1,249.00,EUR,DEMO
1015,SKU-008,手机壳,1,39.00,EUR,DEMO
1016,SKU-004,旅行背包,1,799.00,THB,DEMO
1016,SKU-009,电脑支架,1,119.00,THB,DEMO
1017,SKU-003,便携充电宝,1,189.00,EUR,DEMO
1017,SKU-005,运动水壶,1,129.00,EUR,DEMO
1018,SKU-010,休闲T恤,2,79.00,MYR,DEMO
1019,SKU-007,无线鼠标,1,89.00,IDR,DEMO
1020,SKU-008,手机壳,1,39.00,HKD,DEMO
1020,SKU-001,智能音箱,1,299.00,HKD,DEMO
1020,SKU-005,运动水壶,1,129.00,HKD,DEMO
