shipment_id,order_id,carrier,tracking_number,shipping_status,shipped_at,estimated_delivery_at,delivered_at,updated_at,is_demo
SHP-1001-A,1001,DHL,DHL-1001-001,in_transit,2026-01-10 19:15:00,2026-01-14 18:00:00,,2026-01-12 15:30:00,DEMO
SHP-1002-A,1002,FedEx,FX-1002-001,delivered,2026-01-08 17:00:00,2026-01-11 11:00:00,2026-01-11 10:45:00,2026-01-11 10:50:00,DEMO
SHP-1005-A,1005,SF,SF-1005-A,in_transit,2026-01-18 20:00:00,2026-01-24 17:00:00,,2026-01-22 10:00:00,DEMO
SHP-1005-B,1005,SF,SF-1005-B,out_for_delivery,2026-01-18 20:30:00,2026-01-24 18:00:00,,2026-01-23 09:15:00,DEMO
SHP-1006-A,1006,UPS,UPS-1006-001,delivered,2026-01-16 23:00:00,2026-01-22 12:00:00,2026-01-22 09:40:00,2026-01-22 09:40:00,DEMO
SHP-1007-A,1007,JD,JD-1007-001,pending,,2026-01-30 17:00:00,,2026-01-25 15:10:00,DEMO
SHP-1008-A,1008,DPD,DPD-1008-001,in_transit,2026-01-20 18:25:00,2026-01-24 12:30:00,,2026-01-23 16:55:00,DEMO
SHP-1009-A,1009,USPS,US-1009-001,exception,2026-01-22 10:30:00,2026-01-28 13:00:00,,2026-01-26 12:00:00,DEMO
SHP-1010-A,1010,EMS,EM-1010-001,delivered,2026-01-17 15:45:00,2026-01-23 18:00:00,2026-01-23 12:00:00,2026-01-23 12:15:00,DEMO
SHP-1012-A,1012,DHL,DHL-1012-001,in_transit,2026-01-26 15:55:00,2026-01-30 13:00:00,,2026-01-28 11:45:00,DEMO
SHP-1013-A,1013,UPS,UPS-1013-001,delivered,2026-01-15 18:45:00,2026-01-20 16:00:00,2026-01-20 14:00:00,2026-01-20 14:30:00,DEMO
SHP-1014-A,1014,CJ,CJ-1014-001,exception,2026-01-21 11:00:00,2026-01-23 10:00:00,,2026-01-22 11:12:00,DEMO
SHP-1015-A,1015,SF,SF-1015-001,shipped,2026-01-29 18:00:00,2026-02-02 15:00:00,,2026-01-30 08:35:00,DEMO
SHP-1017-A,1017,DHL,DHL-1017-001,exception,2026-02-01 11:20:00,2026-02-04 18:00:00,,2026-02-02 14:50:00,DEMO
SHP-1020-A,1020,YANWEN,YW-1020-001,in_transit,2026-02-06 21:00:00,2026-02-12 15:00:00,,2026-02-09 09:45:00,DEMO
