shipment_id,event_time,event_status,location,description,is_demo
SHP-1001-A,2026-01-10 19:15:00,picked_up,深圳仓,演示数据：包裹已揽收,DEMO
SHP-1001-A,2026-01-11 09:40:00,in_transit,深圳中转站,演示数据：运输中,DEMO
SHP-1002-A,2026-01-08 17:00:00,picked_up,纽约仓,演示数据：已出库,DEMO
SHP-1002-A,2026-01-11 10:45:00,delivered,纽约东区配送点,演示数据：已签收,DEMO
SHP-1005-A,2026-01-18 20:00:00,picked_up,新加坡仓,演示数据：订单拆分包裹A已出库,DEMO
SHP-1005-A,2026-01-20 08:00:00,in_transit,吉隆坡中转站,演示数据：包裹A在途中,DEMO
SHP-1005-B,2026-01-18 20:30:00,picked_up,新加坡仓,演示数据：订单拆分包裹B已出库,DEMO
SHP-1005-B,2026-01-21 09:20:00,in_transit,吉隆坡中转站,演示数据：包裹B在途中,DEMO
SHP-1006-A,2026-01-16 23:00:00,picked_up,东京仓,演示数据：已揽收,DEMO
SHP-1006-A,2026-01-22 09:40:00,delivered,东京配送点,演示数据：已签收,DEMO
SHP-1007-A,2026-01-25 15:10:00,created,首尔仓,演示数据：等待发货,DEMO
SHP-1007-A,2026-01-27 08:00:00,processing,首尔仓,演示数据：配货中,DEMO
SHP-1008-A,2026-01-20 18:25:00,picked_up,巴黎仓,演示数据：已出库,DEMO
SHP-1008-A,2026-01-22 11:00:00,in_transit,法兰克福中转站,演示数据：运输中,DEMO
SHP-1009-A,2026-01-22 10:30:00,picked_up,伦敦仓,演示数据：已揽收,DEMO
SHP-1009-A,2026-01-25 15:30:00,exception,曼彻斯特转运点,演示数据：物流异常，待核查,DEMO
SHP-1010-A,2026-01-17 15:45:00,picked_up,多伦多仓,演示数据：已出库,DEMO
SHP-1010-A,2026-01-23 12:00:00,delivered,温哥华配送点,演示数据：已签收,DEMO
SHP-1012-A,2026-01-26 15:55:00,picked_up,西雅图仓,演示数据：已出库,DEMO
SHP-1012-A,2026-01-28 09:20:00,in_transit,丹佛中转站,演示数据：运输中,DEMO
SHP-1013-A,2026-01-15 18:45:00,picked_up,圣保罗仓,演示数据：已揽收,DEMO
SHP-1013-A,2026-01-20 14:00:00,delivered,里约热内卢配送点,演示数据：已签收,DEMO
SHP-1014-A,2026-01-21 11:00:00,created,阿姆斯特丹仓,演示数据：已创建运单,DEMO
SHP-1014-A,2026-01-22 09:00:00,canceled,阿姆斯特丹仓,演示数据：订单已取消，包裹退回,DEMO
SHP-1015-A,2026-01-29 18:00:00,picked_up,马德里仓,演示数据：已揽收,DEMO
SHP-1015-A,2026-01-30 08:35:00,in_transit,马德里中转站,演示数据：运输中,DEMO
SHP-1017-A,2026-02-01 11:20:00,picked_up,米兰仓,演示数据：已揽收,DEMO
SHP-1017-A,2026-02-02 14:00:00,exception,米兰中转站,演示数据：物流异常，需人工处理,DEMO
SHP-1020-A,2026-02-06 21:00:00,picked_up,香港仓,演示数据：已出库,DEMO
SHP-1020-A,2026-02-08 10:10:00,in_transit,深圳中转站,演示数据：转运中,DEMO
